{
  "train_loss": 0.2885787254333496,
  "train_acc1": 90.11,
  "val_loss": 0.3787409236431122,
  "val_acc": 87.11,
  "epoch": 10,
  "params_m": 0.26327,
  "flops_m": 54.70016,
  "fitness": 86.2868649
}