{
  "train_loss": 2.2940529187520347,
  "train_acc1": 7.8125,
  "val_loss": 2.329275369644165,
  "val_acc": 9.375,
  "epoch": 2,
  "params_m": 0.034842,
  "flops_m": 6.388992,
  "fitness": 9.2788167
}