{
  "train_loss": 2.2683815161387124,
  "train_acc1": 13.020833333333334,
  "val_loss": 2.336557388305664,
  "val_acc": 9.375,
  "epoch": 2,
  "params_m": 0.031786,
  "flops_m": 5.942528,
  "fitness": 9.28554422
}